{"cameraMode":{"drawMode":0,"name":"Shaded","section":"Shading Mode"},"sceneLighting":true,"audioPlay":false,"sceneViewState":{"m_AlwaysRefresh":false,"showFog":true,"showSkybox":true,"showFlares":true,"showImageEffects":true,"showParticleSystems":true,"showVisualEffectGraphs":true,"m_FxEnabled":true},"in2DMode":false,"pivot":{"x":-2.539421558380127,"y":0.020172476768493654,"z":-1.8495723009109498},"rotation":{"x":0.3673264980316162,"y":0.3550434112548828,"z":-0.1544245481491089,"w":0.8457995057106018},"size":6.5079755783081059,"orthographic":false}